"temp","pop","model_type","n0","lag","mumax","nmax","lot"
"6","apc","buchanan_no_lag",4.48313174146617,NA,0.869618067218636,9.46883126464587,1
"6","apc","buchanan_no_lag",5.40753425345892,NA,0.938829657523348,9.61360683879779,2
"6","apc","buchanan_no_lag",3.28804549584029,NA,0.67916357216287,9.61789556393019,3
"6","apc","buchanan_no_lag",3.4544563966705,NA,0.62271755607137,9.42437574144696,4
"6","apc","buchanan_no_lag",5.39824501975091,NA,0.448640535839533,9.66898500470553,5
"6","apc","buchanan_no_lag",4.97524708298365,NA,0.555291715789745,9.54843506870398,6
"10","apc","buchanan_no_lag",4.18138402214064,NA,0.811824818446371,9.69971164444084,7
"10","apc","buchanan_no_lag",5.97934719713067,NA,0.78672243719331,9.69466410518716,8
