cida_isolates,count,frequency
s12-0116,32,0.326530612
s12-0132,39,0.397959184
s12-0141,12,0.12244898
s12-0166,1,0.010204082
s12-0180,14,0.142857143
s12-0184,0,0